Q_L_min,Q_m3_s,diameter_m,area_m2,bed_length_m,ebct_s
4.0,6.666666666666667e-05,0.1,0.007853981633974483,0.5,58.90486225480862
