{
  "run_name": "sapelo2_full",
  "compounds": [
    "3-MB",
    "2-MB",
    "Hexanal"
  ],
  "param_names": [
    "log_Df",
    "log_Lf",
    "log_a",
    "log_Dax",
    "log_H",
    "log_sigma",
    "log_Rmax[3-MB]",
    "log_Ks[3-MB]",
    "log_Rmax[2-MB]",
    "log_Ks[2-MB]",
    "log_Rmax[Hexanal]",
    "log_Ks[Hexanal]"
  ],
  "n_walkers": 128,
  "n_steps": 40000,
  "n_burn": 10000,
  "elapsed_s": 50513.6266105175,
  "acceptance_fraction": 0.2583060546875,
  "ess": 3397.3258214122357,
  "posterior_median": {
    "log_Df": -20.649536017156944,
    "log_Lf": -8.777364271281025,
    "log_a": 9.05052014609876,
    "log_Dax": -10.794892568676204,
    "log_H": 1.680243611638285,
    "log_sigma": 0.14603878338097326,
    "log_Rmax[3-MB]": 1.3929387959223911,
    "log_Ks[3-MB]": -0.8997436567328438,
    "log_Rmax[2-MB]": 1.6538160990107797,
    "log_Ks[2-MB]": 0.10125694315046199,
    "log_Rmax[Hexanal]": 1.209213878022081,
    "log_Ks[Hexanal]": 0.62541158688982
  },
  "posterior_ci95": {
    "log_Df": [
      -22.462910764344432,
      -18.845411704637268
    ],
    "log_Lf": [
      -10.345225954193062,
      -7.06376898900896
    ],
    "log_a": [
      7.42055511020303,
      11.049033561046992
    ],
    "log_Dax": [
      -13.001253892747227,
      -9.164215266436141
    ],
    "log_H": [
      0.13061718028152924,
      3.4903396611756237
    ],
    "log_sigma": [
      -0.0921607655974016,
      0.44626707245279823
    ],
    "log_Rmax[3-MB]": [
      -0.7767642749723347,
      4.048784454731856
    ],
    "log_Ks[3-MB]": [
      -3.088166436696471,
      2.4978932497299615
    ],
    "log_Rmax[2-MB]": [
      -0.591682161375644,
      4.059170158851093
    ],
    "log_Ks[2-MB]": [
      -2.2193555743338216,
      3.175223658442329
    ],
    "log_Rmax[Hexanal]": [
      -1.502074249858742,
      4.230000750452817
    ],
    "log_Ks[Hexanal]": [
      -2.9163925764239513,
      3.987847480364687
    ]
  }
}