{
  "run_name": "first_order",
  "model": "pseudo_first_order",
  "compounds": [
    "3-MB",
    "2-MB",
    "Hexanal"
  ],
  "param_names": [
    "log_k1[3-MB]",
    "log_k1[2-MB]",
    "log_k1[Hexanal]",
    "log_sigma[3-MB]",
    "log_sigma[2-MB]",
    "log_sigma[Hexanal]"
  ],
  "n_walkers": 64,
  "n_steps": 8000,
  "n_burn": 2000,
  "elapsed_s": 164.5697693824768,
  "acceptance_fraction": 0.5063144531249999,
  "ess": 3972.251459170951,
  "posterior_median": {
    "log_k1[3-MB]": -2.6914526120923714,
    "log_k1[2-MB]": -2.7570122946818514,
    "log_k1[Hexanal]": -2.8405484882547594,
    "log_sigma[3-MB]": 0.5661789086138672,
    "log_sigma[2-MB]": 0.4580916910624139,
    "log_sigma[Hexanal]": 0.026159894860302374
  },
  "posterior_ci95": {
    "log_k1[3-MB]": [
      -2.820097655301651,
      -2.550054743047516
    ],
    "log_k1[2-MB]": [
      -2.8634821616301704,
      -2.6425227388606722
    ],
    "log_k1[Hexanal]": [
      -3.207145921948374,
      -2.3797706038283337
    ],
    "log_sigma[3-MB]": [
      0.20367681772237106,
      1.028924233266006
    ],
    "log_sigma[2-MB]": [
      0.09286901242864232,
      0.9229266973010729
    ],
    "log_sigma[Hexanal]": [
      -0.34170071513501504,
      0.5134123749177222
    ]
  },
  "linear_units": {
    "k1[3-MB]": {
      "median": 0.0677824062808942,
      "ci95": [
        0.05960012215683244,
        0.07807739168979662
      ]
    },
    "k1[2-MB]": {
      "median": 0.06348114827738442,
      "ci95": [
        0.0570696879879489,
        0.07118147059679703
      ]
    },
    "k1[Hexanal]": {
      "median": 0.05839362895970639,
      "ci95": [
        0.04047195872036701,
        0.09257181069382205
      ]
    },
    "sigma[3-MB]": {
      "median": 1.761523234011841,
      "ci95": [
        1.22590189970648,
        2.798054161473762
      ]
    },
    "sigma[2-MB]": {
      "median": 1.5810539649332556,
      "ci95": [
        1.0973179908357147,
        2.5166450805750427
      ]
    },
    "sigma[Hexanal]": {
      "median": 1.0265050682366255,
      "ci95": [
        0.7105608329923423,
        1.6709834994655541
      ]
    }
  }
}