{
  "run_name": "sapelo2_full",
  "n_draws": 1068,
  "frac_feasible": 0.534,
  "volume_m3": {
    "median": 2579.1709331481334,
    "ci95": [
      1392.964197782223,
      698131.7007977319
    ],
    "ci50": [
      2101.7999630721783,
      76604.92337368322
    ]
  },
  "length_m_median": 30.91796385977983,
  "diameter_m_median": 10.305987953259944,
  "report_point_estimate_m3": 3500.0
}