{
  "run_name": "first_order",
  "model": "pseudo_first_order",
  "n_datasets": 400,
  "n_bins": 10,
  "per_param": {
    "log_k1[3-MB]": {
      "chi2": 5.25,
      "p_uniform": 0.8119932615881182,
      "counts": [
        37,
        43,
        44,
        41,
        39,
        40,
        48,
        41,
        37,
        30
      ]
    },
    "log_k1[2-MB]": {
      "chi2": 14.5,
      "p_uniform": 0.1056178125797962,
      "counts": [
        28,
        34,
        43,
        54,
        40,
        50,
        45,
        34,
        35,
        37
      ]
    },
    "log_k1[Hexanal]": {
      "chi2": 7.85,
      "p_uniform": 0.5493305697167787,
      "counts": [
        38,
        47,
        42,
        39,
        40,
        51,
        39,
        37,
        38,
        29
      ]
    },
    "log_sigma[3-MB]": {
      "chi2": 25.15,
      "p_uniform": 0.0028096558107006445,
      "counts": [
        44,
        49,
        44,
        33,
        37,
        39,
        50,
        17,
        53,
        34
      ]
    },
    "log_sigma[2-MB]": {
      "chi2": 22.9,
      "p_uniform": 0.006424851825924213,
      "counts": [
        51,
        44,
        37,
        53,
        50,
        36,
        34,
        38,
        38,
        19
      ]
    },
    "log_sigma[Hexanal]": {
      "chi2": 8.8,
      "p_uniform": 0.4559371952206618,
      "counts": [
        54,
        31,
        38,
        45,
        36,
        36,
        41,
        42,
        40,
        37
      ]
    }
  }
}