{
  "n_datasets": 400,
  "n_bins": 10,
  "per_param": {
    "log_Df": {
      "chi2": 10.200000000000001,
      "p_uniform": 0.3345381516340061,
      "counts": [
        40,
        40,
        37,
        32,
        37,
        38,
        51,
        53,
        36,
        36
      ]
    },
    "log_Lf": {
      "chi2": 6.550000000000001,
      "p_uniform": 0.6838568407668937,
      "counts": [
        31,
        38,
        47,
        36,
        37,
        39,
        38,
        49,
        44,
        41
      ]
    },
    "log_a": {
      "chi2": 6.700000000000001,
      "p_uniform": 0.6683211702507843,
      "counts": [
        40,
        36,
        36,
        44,
        36,
        35,
        36,
        49,
        39,
        49
      ]
    },
    "log_Dax": {
      "chi2": 13.7,
      "p_uniform": 0.1334041322004151,
      "counts": [
        37,
        41,
        43,
        35,
        50,
        53,
        27,
        35,
        44,
        35
      ]
    },
    "log_H": {
      "chi2": 3.0,
      "p_uniform": 0.9642949726850891,
      "counts": [
        45,
        38,
        40,
        40,
        40,
        36,
        44,
        41,
        43,
        33
      ]
    },
    "log_sigma": {
      "chi2": 6.25,
      "p_uniform": 0.7146599110653898,
      "counts": [
        47,
        40,
        43,
        44,
        45,
        41,
        41,
        32,
        34,
        33
      ]
    },
    "log_Rmax[3-MB]": {
      "chi2": 5.75,
      "p_uniform": 0.7646551179758228,
      "counts": [
        39,
        48,
        41,
        32,
        47,
        33,
        41,
        39,
        40,
        40
      ]
    },
    "log_Ks[3-MB]": {
      "chi2": 5.4,
      "p_uniform": 0.7981390623953614,
      "counts": [
        39,
        38,
        35,
        43,
        40,
        42,
        41,
        30,
        46,
        46
      ]
    },
    "log_Rmax[2-MB]": {
      "chi2": 9.6,
      "p_uniform": 0.3838265173713841,
      "counts": [
        52,
        43,
        36,
        42,
        33,
        43,
        44,
        43,
        32,
        32
      ]
    },
    "log_Ks[2-MB]": {
      "chi2": 5.8,
      "p_uniform": 0.7597562788720695,
      "counts": [
        43,
        43,
        48,
        43,
        32,
        36,
        36,
        36,
        45,
        38
      ]
    },
    "log_Rmax[Hexanal]": {
      "chi2": 10.149999999999999,
      "p_uniform": 0.3384789809830087,
      "counts": [
        37,
        39,
        46,
        29,
        40,
        36,
        51,
        42,
        33,
        47
      ]
    },
    "log_Ks[Hexanal]": {
      "chi2": 8.549999999999999,
      "p_uniform": 0.4798048412457381,
      "counts": [
        47,
        37,
        34,
        51,
        32,
        35,
        40,
        45,
        42,
        37
      ]
    }
  }
}