{
  "names": [
    "log10_Rmax",
    "log10_Ks",
    "log10_Df",
    "log10_Lf",
    "log10_a",
    "log10_Dax",
    "log10_H"
  ],
  "S1": [
    0.13311635204689537,
    0.1239840751537056,
    0.06217600360493021,
    0.01769919951294654,
    0.21931089129403886,
    0.00041747975533360486,
    0.20802932260833235
  ],
  "S1_conf": [
    0.010666696079200587,
    0.009862094822523341,
    0.008893325449810953,
    0.006334308754381529,
    0.012311647525600893,
    0.004401075605919162,
    0.012898750399315827
  ],
  "ST": [
    0.278645371493066,
    0.25016105607710487,
    0.15249776978755006,
    0.08965705481429008,
    0.3786384220082056,
    0.030913433014309148,
    0.36186616355155315
  ],
  "ST_conf": [
    0.011412492455291863,
    0.00989246869237121,
    0.006880796315094783,
    0.006909049113149082,
    0.011210241265701401,
    0.0071875668909931,
    0.010796634575092267
  ],
  "n_eval": 147456,
  "ref_length_m": 34.23
}