{
  "3-MB": {
    "best_order": "first",
    "C0_mean_ppmv": 29.66,
    "orders": {
      "zeroth": {
        "order": "zeroth",
        "k_median": 66.10895029529527,
        "k_ci95": [
          0.000943758753562458,
          83.97842355901022
        ],
        "elpd_loo": -44.40793853338021,
        "p_loo": 13.21500906078127,
        "ess": 676.7054986878417
      },
      "first": {
        "order": "first",
        "k_median": 4.084111614344193,
        "k_ci95": [
          3.2339408278938637,
          4.758222843697913
        ],
        "elpd_loo": -36.19170305365345,
        "p_loo": 7.009956178447684,
        "ess": 1256.6570488475675
      },
      "second": {
        "order": "second",
        "k_median": 0.39828823542987085,
        "k_ci95": [
          0.23604949394283464,
          1.1207038938161906
        ],
        "elpd_loo": -44.71345481511356,
        "p_loo": 4.831033323787736,
        "ess": 1607.1120903864808
      }
    },
    "rate_at_inlet_median_ppmv_per_min": 121.13475048144876,
    "rate_at_inlet_ci95": [
      95.918684955332,
      141.1288895440801
    ]
  },
  "2-MB": {
    "best_order": "first",
    "C0_mean_ppmv": 30.902666666666665,
    "orders": {
      "zeroth": {
        "order": "zeroth",
        "k_median": 67.982207834447,
        "k_ci95": [
          0.006728231708240116,
          91.22576640033365
        ],
        "elpd_loo": -46.13792789544485,
        "p_loo": 11.59626439139042,
        "ess": 890.122159736807
      },
      "first": {
        "order": "first",
        "k_median": 3.836003350363629,
        "k_ci95": [
          3.4285246290654725,
          4.314154557894682
        ],
        "elpd_loo": -32.07113128811416,
        "p_loo": 5.03084460556175,
        "ess": 1682.8770602554923
      },
      "second": {
        "order": "second",
        "k_median": 0.3160179711545964,
        "k_ci95": [
          0.1992806675504914,
          0.6637284169266756
        ],
        "elpd_loo": -44.56918727634247,
        "p_loo": 4.9475855748341715,
        "ess": 1661.007799000234
      }
    },
    "rate_at_inlet_median_ppmv_per_min": 118.54273286850376,
    "rate_at_inlet_ci95": [
      105.95055377046727,
      133.31888025110004
    ]
  },
  "Hexanal": {
    "best_order": "zeroth",
    "C0_mean_ppmv": 5.1866666666666665,
    "orders": {
      "zeroth": {
        "order": "zeroth",
        "k_median": 10.973901376559594,
        "k_ci95": [
          8.104593260827851,
          13.908457727825946
        ],
        "elpd_loo": -23.339654321625193,
        "p_loo": 9.92871338903957,
        "ess": 1009.4360531531166
      },
      "first": {
        "order": "first",
        "k_median": 3.580367756198338,
        "k_ci95": [
          2.4349072897076414,
          6.013301709403147
        ],
        "elpd_loo": -25.274354785977387,
        "p_loo": 5.43074328017488,
        "ess": 1568.4857972722111
      },
      "second": {
        "order": "second",
        "k_median": 1.7899456589493865,
        "k_ci95": [
          0.7881596455058426,
          22.068380707849133
        ],
        "elpd_loo": -28.001199732403705,
        "p_loo": 4.39865891285805,
        "ess": 1600.377436199361
      }
    },
    "rate_at_inlet_median_ppmv_per_min": 10.973901376559594,
    "rate_at_inlet_ci95": [
      8.104593260827851,
      13.908457727825946
    ]
  },
  "_rate_limiting": {
    "P_slowest": {
      "3-MB": 0.02284375,
      "2-MB": 0.0,
      "Hexanal": 0.97715625
    },
    "verdict": "Hexanal"
  }
}