{
  "3-MB": {
    "best_order": "first",
    "C0_mean_ppmv": 29.66,
    "orders": {
      "zeroth": {
        "order": "zeroth",
        "k_median": 66.37794609206222,
        "k_ci95": [
          0.006803743772243064,
          84.15418514280589
        ],
        "elpd_loo": -47.85402008942695,
        "p_loo": 16.508100119886397,
        "ess": 527.3753091737353
      },
      "first": {
        "order": "first",
        "k_median": 4.075186237766568,
        "k_ci95": [
          0.006028192657832297,
          4.7274212546012055
        ],
        "elpd_loo": -39.32906105593578,
        "p_loo": 9.70535498276839,
        "ess": 909.8845114338322
      },
      "second": {
        "order": "second",
        "k_median": 0.3949742955255501,
        "k_ci95": [
          0.2350512038012218,
          1.0390360237367244
        ],
        "elpd_loo": -44.49525935012822,
        "p_loo": 4.551878578091758,
        "ess": 1611.3676491282336
      }
    },
    "rate_at_inlet_median_ppmv_per_min": 120.8700238121564,
    "rate_at_inlet_ci95": [
      0.17879619423130594,
      140.21531441147175
    ]
  },
  "2-MB": {
    "best_order": "first",
    "C0_mean_ppmv": 30.902666666666665,
    "orders": {
      "zeroth": {
        "order": "zeroth",
        "k_median": 68.03457240531579,
        "k_ci95": [
          0.006264720083230658,
          92.02554135674676
        ],
        "elpd_loo": -46.66347178167944,
        "p_loo": 12.107287271556169,
        "ess": 549.8837765804258
      },
      "first": {
        "order": "first",
        "k_median": 3.8227655430289955,
        "k_ci95": [
          0.05478667324795763,
          4.316165514577896
        ],
        "elpd_loo": -35.569199967838365,
        "p_loo": 8.088303951396323,
        "ess": 1063.9190192883843
      },
      "second": {
        "order": "second",
        "k_median": 0.3114564015503965,
        "k_ci95": [
          0.20160682803691254,
          0.6272698335498308
        ],
        "elpd_loo": -44.09582458061902,
        "p_loo": 4.422751551421312,
        "ess": 1578.0089134008688
      }
    },
    "rate_at_inlet_median_ppmv_per_min": 118.13364932104403,
    "rate_at_inlet_ci95": [
      1.6930543011572186,
      133.3810241751625
    ]
  },
  "Hexanal": {
    "best_order": "zeroth",
    "C0_mean_ppmv": 5.1866666666666665,
    "orders": {
      "zeroth": {
        "order": "zeroth",
        "k_median": 11.053850387352423,
        "k_ci95": [
          8.379337137931326,
          16.935117493394642
        ],
        "elpd_loo": -24.450375317311874,
        "p_loo": 10.799023791237733,
        "ess": 1241.1332691003838
      },
      "first": {
        "order": "first",
        "k_median": 3.5991263971618532,
        "k_ci95": [
          2.4640559554835355,
          6.018127534230117
        ],
        "elpd_loo": -25.199460814258828,
        "p_loo": 5.377836767394962,
        "ess": 1437.5867510600256
      },
      "second": {
        "order": "second",
        "k_median": 1.7759573907561,
        "k_ci95": [
          0.7773273792287234,
          19.818399969728436
        ],
        "elpd_loo": -28.17754250292915,
        "p_loo": 4.544252534886287,
        "ess": 1491.6205570652328
      }
    },
    "rate_at_inlet_median_ppmv_per_min": 11.053850387352423,
    "rate_at_inlet_ci95": [
      8.379337137931326,
      16.935117493394642
    ]
  },
  "_rate_limiting": {
    "P_slowest": {
      "3-MB": 0.06958333333333333,
      "2-MB": 0.0409375,
      "Hexanal": 0.8894791666666667
    },
    "verdict": "Hexanal"
  }
}